unit_number,time_cycles,setting_1,setting_2,setting_3,sensor_1,sensor_2,sensor_3,sensor_4,sensor_5,sensor_6,sensor_7,sensor_8,sensor_9,sensor_10,sensor_11,sensor_12,sensor_13,sensor_14,sensor_15,sensor_16,sensor_17,sensor_18,sensor_19,sensor_20,sensor_21
3,1,0.0018,-0.0001,100.0,518.67,642.19,1585.49,1401.55,14.62,21.61,554.67,2387.98,9046.11,1.3,47.29,521.92,2388.0,8136.14,8.4111,0.03,391,2388,100.0,38.91,23.4896
3,2,0.0003,-0.0002,100.0,518.67,642.0,1586.6,1393.99,14.62,21.6,553.73,2388.0,9057.38,1.3,47.3,522.48,2388.02,8139.91,8.3594,0.03,391,2388,100.0,39.0,23.2964
3,3,-0.0002,0.0001,100.0,518.67,642.1,1582.43,1394.89,14.62,21.61,555.22,2388.06,9056.81,1.3,47.45,522.15,2388.06,8139.25,8.4182,0.03,391,2388,100.0,39.02,23.4047
3,4,-0.0034,-0.0001,100.0,518.67,642.36,1582.8,1396.55,14.62,21.61,554.99,2388.05,9059.65,1.3,47.27,522.02,2388.0,8138.7,8.344,0.03,392,2388,100.0,39.05,23.3914
3,5,0.0006,0.0003,100.0,518.67,642.73,1589.39,1397.12,14.62,21.6,554.97,2388.02,9055.29,1.3,47.16,522.46,2388.02,8132.29,8.3978,0.03,392,2388,100.0,39.08,23.5019
3,6,0.0016,-0.0002,100.0,518.67,642.23,1572.14,1395.45,14.62,21.61,554.74,2388.01,9053.54,1.3,47.03,522.53,2388.04,8132.78,8.4483,0.03,391,2388,100.0,39.1,23.3827
3,7,0.0033,-0.0002,100.0,518.67,642.13,1578.99,1398.35,14.62,21.61,555.11,2388.06,9063.66,1.3,47.37,522.84,2388.02,8142.66,8.4093,0.03,391,2388,100.0,38.99,23.3774
3,8,0.0043,0.0005,100.0,518.67,642.48,1584.67,1390.74,14.62,21.61,554.36,2388.04,9048.72,1.3,47.32,522.31,2388.07,8134.5,8.3606,0.03,393,2388,100.0,38.91,23.4558
3,9,0.0014,0.0002,100.0,518.67,642.08,1583.45,1398.01,14.62,21.61,554.07,2388.03,9052.38,1.3,47.08,522.44,2387.99,8136.61,8.4011,0.03,392,2388,100.0,39.02,23.4995
3,10,-0.0009,0.0002,100.0,518.67,642.09,1593.27,1399.37,14.62,21.61,554.6,2388.01,9055.99,1.3,47.14,522.41,2388.0,8136.26,8.3841,0.03,392,2388,100.0,38.99,23.4497
3,11,-0.0014,-0.0003,100.0,518.67,642.2,1579.24,1399.01,14.62,21.61,553.86,2388.03,9050.92,1.3,47.18,522.73,2388.05,8138.4,8.3922,0.03,391,2388,100.0,39.0,23.4544
3,12,-0.001,-0.0001,100.0,518.67,642.33,1579.57,1402.45,14.62,21.61,554.01,2388.0,9054.75,1.3,47.23,522.02,2387.98,8136.28,8.4118,0.03,391,2388,100.0,38.99,23.3745
3,13,0.0013,0.0002,100.0,518.67,641.96,1576.95,1396.48,14.62,21.61,554.87,2388.05,9058.7,1.3,47.2,522.17,2388.0,8137.56,8.4251,0.03,391,2388,100.0,39.06,23.4145
3,14,0.0007,0.0004,100.0,518.67,642.1,1585.06,1400.81,14.62,21.61,555.45,2388.06,9060.37,1.3,47.34,522.34,2388.04,8141.87,8.413,0.03,391,2388,100.0,39.06,23.4663
3,15,0.0011,-0.0002,100.0,518.67,642.03,1580.37,1405.0,14.62,21.61,554.51,2388.04,9048.08,1.3,47.21,521.84,2388.03,8134.34,8.4044,0.03,393,2388,100.0,39.02,23.4576
3,16,0.0008,0.0003,100.0,518.67,642.13,1585.88,1402.51,14.62,21.61,554.21,2388.02,9049.13,1.3,47.3,522.48,2388.01,8139.4,8.3788,0.03,390,2388,100.0,39.01,23.3847
3,17,0.0025,-0.0002,100.0,518.67,642.03,1583.74,1391.35,14.62,21.61,554.69,2388.01,9057.02,1.3,47.1,522.3,2388.02,8142.66,8.3999,0.03,395,2388,100.0,38.92,23.3649
3,18,-0.0008,-0.0002,100.0,518.67,641.97,1581.23,1391.74,14.62,21.6,554.43,2388.05,9057.03,1.3,47.39,522.56,2388.0,8132.13,8.3955,0.03,391,2388,100.0,38.97,23.3724
3,19,-0.0015,0.0004,100.0,518.67,642.09,1577.01,1398.31,14.62,21.61,555.31,2388.02,9052.57,1.3,46.98,522.72,2387.99,8142.03,8.427,0.03,390,2388,100.0,38.92,23.4644
3,20,0.0001,0.0006,100.0,518.67,641.86,1585.84,1402.35,14.62,21.61,554.94,2388.04,9052.54,1.3,47.24,522.43,2387.97,8137.74,8.4123,0.03,392,2388,100.0,38.96,23.3318
3,21,-0.0041,0.0002,100.0,518.67,642.3,1586.0,1391.72,14.62,21.61,554.76,2388.05,9061.34,1.3,47.36,522.29,2387.99,8143.11,8.3754,0.03,391,2388,100.0,38.91,23.2651
3,22,-0.0027,-0.0004,100.0,518.67,642.0,1581.93,1399.98,14.62,21.6,554.23,2388.04,9050.05,1.3,47.23,521.9,2388.05,8134.2,8.414,0.03,391,2388,100.0,38.93,23.3709
3,23,-0.0016,-0.0003,100.0,518.67,642.37,1589.42,1406.99,14.62,21.61,554.9,2387.97,9062.75,1.3,47.43,522.52,2388.04,8138.01,8.4177,0.03,392,2388,100.0,39.02,23.3656
3,24,-0.0007,0.0005,100.0,518.67,641.78,1586.29,1396.27,14.62,21.61,553.88,2388.0,9059.04,1.3,47.31,522.48,2388.01,8132.58,8.3963,0.03,392,2388,100.0,39.03,23.4181
3,25,0.0009,0.0003,100.0,518.67,642.42,1581.68,1399.3,14.62,21.61,554.15,2387.96,9049.66,1.3,47.32,522.02,2388.03,8142.49,8.3976,0.03,391,2388,100.0,38.87,23.4189
3,26,-0.0007,-0.0004,100.0,518.67,642.28,1590.6,1396.54,14.62,21.61,554.11,2388.0,9058.1,1.3,47.21,521.93,2388.04,8137.46,8.4095,0.03,393,2388,100.0,38.85,23.3442
3,27,0.0014,0.0003,100.0,518.67,642.17,1578.47,1401.69,14.62,21.61,553.83,2388.04,9057.1,1.3,47.27,522.19,2388.01,8131.59,8.379,0.03,392,2388,100.0,39.14,23.4504
3,28,-0.0021,-0.0003,100.0,518.67,641.91,1576.92,1394.62,14.62,21.61,554.71,2388.06,9056.07,1.3,47.39,522.23,2388.04,8137.47,8.3836,0.03,390,2388,100.0,38.89,23.3448
3,29,-0.0001,0.0006,100.0,518.67,642.46,1583.83,1392.09,14.62,21.61,555.31,2388.04,9061.93,1.3,47.16,521.55,2388.07,8142.99,8.4107,0.03,392,2388,100.0,38.95,23.5129
3,30,0.0009,0.0005,100.0,518.67,641.73,1581.85,1390.3,14.62,21.61,554.6,2387.99,9052.46,1.3,47.22,522.21,2387.96,8133.57,8.3688,0.03,393,2388,100.0,39.12,23.4014
3,31,0.0015,-0.0004,100.0,518.67,642.03,1588.87,1391.61,14.62,21.61,553.9,2388.02,9053.39,1.3,47.15,522.44,2387.96,8134.31,8.4332,0.03,391,2388,100.0,38.91,23.389
3,32,0.0011,-0.0004,100.0,518.67,641.82,1586.63,1402.03,14.62,21.61,554.29,2388.05,9055.18,1.3,47.25,521.88,2388.04,8134.26,8.3925,0.03,393,2388,100.0,39.22,23.3788
3,33,-0.0024,0.0,100.0,518.67,642.09,1586.86,1400.26,14.62,21.61,554.66,2388.05,9058.76,1.3,47.32,522.48,2388.01,8139.72,8.3989,0.03,392,2388,100.0,39.0,23.3811
3,34,-0.0006,0.0003,100.0,518.67,642.69,1586.54,1399.44,14.62,21.61,554.4,2388.04,9056.35,1.3,47.4,522.46,2388.1,8144.7,8.4317,0.03,393,2388,100.0,38.9,23.4376
3,35,0.0008,0.0,100.0,518.67,642.85,1587.14,1402.39,14.62,21.61,554.28,2387.91,9050.97,1.3,47.14,522.3,2388.06,8143.33,8.3721,0.03,391,2388,100.0,38.87,23.3805
3,36,0.0018,-0.0002,100.0,518.67,642.56,1586.96,1402.59,14.62,21.61,554.21,2388.03,9062.27,1.3,47.25,522.26,2388.06,8138.05,8.415,0.03,393,2388,100.0,38.86,23.4402
3,37,0.001,-0.0003,100.0,518.67,641.65,1586.5,1399.94,14.62,21.61,554.44,2388.05,9050.76,1.3,47.37,521.84,2388.09,8137.0,8.4407,0.03,390,2388,100.0,38.89,23.5158
3,38,-0.0046,-0.0003,100.0,518.67,642.24,1588.66,1394.81,14.62,21.61,554.39,2388.02,9050.7,1.3,47.24,522.42,2387.99,8138.98,8.3947,0.03,392,2388,100.0,38.98,23.3312
3,39,0.0023,-0.0,100.0,518.67,642.11,1595.32,1391.56,14.62,21.61,554.13,2388.05,9054.68,1.3,47.25,522.51,2388.05,8140.95,8.3862,0.03,390,2388,100.0,38.95,23.4459
3,40,-0.0022,0.0004,100.0,518.67,641.99,1588.17,1407.17,14.62,21.61,553.86,2388.07,9052.29,1.3,47.2,522.44,2388.05,8133.54,8.399,0.03,391,2388,100.0,39.16,23.4429
3,41,0.0034,-0.0002,100.0,518.67,642.2,1585.61,1401.74,14.62,21.61,554.06,2387.97,9055.24,1.3,47.13,522.17,2387.97,8141.91,8.3913,0.03,391,2388,100.0,38.87,23.3005
3,42,-0.0008,0.0002,100.0,518.67,642.56,1586.43,1396.16,14.62,21.61,554.08,2388.09,9055.15,1.3,47.24,522.16,2388.04,8141.29,8.3874,0.03,390,2388,100.0,38.92,23.4227
3,43,-0.002,0.0003,100.0,518.67,642.16,1584.84,1398.27,14.62,21.61,554.25,2388.06,9058.23,1.3,47.26,522.33,2388.07,8142.4,8.3877,0.03,391,2388,100.0,38.93,23.2673
3,44,-0.0037,-0.0001,100.0,518.67,642.54,1583.0,1395.64,14.62,21.61,555.08,2388.04,9055.72,1.3,47.19,521.99,2388.03,8143.79,8.4078,0.03,392,2388,100.0,39.09,23.32
3,45,0.0018,0.0002,100.0,518.67,642.22,1590.73,1406.04,14.62,21.61,554.11,2388.03,9055.44,1.3,47.19,522.07,2387.99,8134.92,8.3894,0.03,392,2388,100.0,38.93,23.4567
3,46,-0.0026,0.0005,100.0,518.67,642.25,1587.67,1394.32,14.62,21.61,554.45,2388.04,9053.74,1.3,47.28,521.87,2388.01,8137.12,8.3784,0.03,391,2388,100.0,39.02,23.4084
3,47,-0.0014,0.0,100.0,518.67,642.68,1580.95,1395.19,14.62,21.61,554.59,2388.04,9061.31,1.3,47.17,522.17,2388.04,8137.91,8.4536,0.03,391,2388,100.0,39.16,23.4179
3,48,0.0008,0.0004,100.0,518.67,641.9,1581.26,1401.53,14.62,21.61,554.24,2388.02,9046.94,1.3,47.33,522.12,2388.0,8136.57,8.3852,0.03,393,2388,100.0,39.03,23.4948
3,49,-0.0026,0.0006,100.0,518.67,642.46,1586.09,1401.91,14.62,21.61,554.01,2388.07,9049.95,1.3,47.21,522.51,2387.99,8136.29,8.4171,0.03,392,2388,100.0,39.13,23.3339
3,50,0.0037,-0.0003,100.0,518.67,642.44,1580.18,1403.87,14.62,21.61,554.89,2388.01,9054.7,1.3,47.2,522.71,2388.03,8133.81,8.4204,0.03,390,2388,100.0,39.08,23.3735
3,51,0.0006,-0.0003,100.0,518.67,641.56,1584.51,1400.43,14.62,21.61,554.48,2388.0,9057.17,1.3,47.24,522.17,2388.02,8140.43,8.4007,0.03,389,2388,100.0,39.07,23.3006
3,52,0.0,-0.0002,100.0,518.67,642.62,1577.99,1393.98,14.62,21.61,554.17,2388.05,9060.8,1.3,47.34,521.93,2388.0,8133.3,8.3869,0.03,393,2388,100.0,38.83,23.3713
3,53,0.0002,0.0003,100.0,518.67,642.63,1580.73,1397.86,14.62,21.61,554.31,2388.03,9054.24,1.3,47.15,522.09,2387.97,8135.97,8.4074,0.03,393,2388,100.0,38.95,23.2626
3,54,0.0036,-0.0004,100.0,518.67,642.55,1573.72,1403.51,14.62,21.61,554.69,2387.97,9055.48,1.3,47.26,521.91,2388.01,8134.36,8.4284,0.03,392,2388,100.0,39.03,23.3574
3,55,0.0008,-0.0003,100.0,518.67,642.22,1590.22,1395.04,14.62,21.61,554.28,2388.04,9054.15,1.3,47.4,521.91,2388.04,8136.66,8.4297,0.03,393,2388,100.0,38.95,23.3864
3,56,-0.0003,-0.0001,100.0,518.67,642.25,1579.89,1395.41,14.62,21.61,554.57,2388.07,9052.81,1.3,47.26,522.25,2388.06,8135.87,8.4159,0.03,391,2388,100.0,39.01,23.451
3,57,-0.0016,0.0004,100.0,518.67,641.86,1586.17,1394.2,14.62,21.61,554.32,2388.06,9056.23,1.3,47.3,522.06,2387.97,8137.68,8.3873,0.03,391,2388,100.0,38.91,23.4269
3,58,-0.0018,-0.0,100.0,518.67,642.22,1579.85,1396.15,14.62,21.61,554.3,2388.02,9058.39,1.3,47.04,522.17,2388.03,8134.91,8.4019,0.03,392,2388,100.0,38.8,23.4053
3,59,-0.0005,0.0,100.0,518.67,642.29,1585.29,1400.47,14.62,21.61,553.5,2388.09,9049.82,1.3,47.18,522.21,2388.05,8141.28,8.4437,0.03,392,2388,100.0,38.98,23.5001
3,60,0.001,0.0004,100.0,518.67,642.3,1582.35,1402.86,14.62,21.61,553.83,2388.06,9053.46,1.3,47.3,522.48,2388.04,8137.96,8.3954,0.03,391,2388,100.0,38.91,23.3982
3,61,-0.003,-0.0001,100.0,518.67,642.57,1583.76,1407.47,14.62,21.61,554.06,2388.02,9062.13,1.3,47.31,521.86,2388.04,8140.03,8.4006,0.03,393,2388,100.0,39.18,23.3535
3,62,-0.0016,0.0003,100.0,518.67,642.23,1593.44,1401.49,14.62,21.61,554.64,2388.07,9059.3,1.3,47.25,522.67,2388.08,8146.62,8.3943,0.03,392,2388,100.0,39.02,23.4878
3,63,0.001,0.0006,100.0,518.67,642.46,1589.68,1394.31,14.62,21.61,554.39,2388.08,9056.63,1.3,47.46,521.69,2388.02,8137.22,8.3874,0.03,393,2388,100.0,39.05,23.3891
3,64,-0.0026,0.0005,100.0,518.67,642.01,1589.81,1401.39,14.62,21.61,553.56,2388.06,9052.18,1.3,47.26,522.84,2388.04,8141.24,8.4449,0.03,391,2388,100.0,38.92,23.4244
3,65,-0.0016,0.0001,100.0,518.67,642.59,1586.75,1396.89,14.62,21.61,554.33,2388.07,9048.98,1.3,47.4,522.41,2388.05,8138.59,8.4072,0.03,394,2388,100.0,38.69,23.3249
3,66,0.0032,0.0004,100.0,518.67,642.0,1586.85,1398.22,14.62,21.61,554.23,2388.02,9057.86,1.3,47.41,522.01,2388.06,8137.74,8.42,0.03,391,2388,100.0,39.07,23.3837
3,67,-0.0021,0.0001,100.0,518.67,642.55,1578.66,1402.0,14.62,21.61,554.96,2388.05,9061.59,1.3,47.24,522.05,2388.02,8143.19,8.4408,0.03,393,2388,100.0,38.83,23.4169
3,68,0.003,-0.0,100.0,518.67,642.32,1589.02,1409.62,14.62,21.61,553.92,2388.04,9056.46,1.3,47.29,521.66,2388.05,8139.33,8.4023,0.03,392,2388,100.0,38.85,23.3004
3,69,-0.0043,-0.0,100.0,518.67,641.85,1589.89,1397.29,14.62,21.61,553.71,2388.04,9059.94,1.3,47.27,522.15,2388.08,8139.46,8.4025,0.03,392,2388,100.0,38.73,23.3858
3,70,0.0022,0.0002,100.0,518.67,642.06,1590.46,1398.97,14.62,21.61,554.26,2388.06,9060.29,1.3,47.2,521.51,2388.0,8138.83,8.384,0.03,392,2388,100.0,38.89,23.3182
3,71,0.0024,0.0005,100.0,518.67,642.54,1588.03,1395.68,14.62,21.61,554.57,2388.04,9056.45,1.3,47.36,521.83,2388.06,8139.81,8.3826,0.03,392,2388,100.0,38.98,23.432
3,72,0.0043,-0.0004,100.0,518.67,642.52,1590.95,1405.69,14.62,21.61,554.21,2388.04,9057.55,1.3,47.31,521.82,2388.06,8139.62,8.3778,0.03,391,2388,100.0,38.84,23.356
3,73,-0.0008,-0.0003,100.0,518.67,642.55,1588.51,1404.39,14.62,21.61,554.03,2388.06,9052.37,1.3,47.22,521.78,2388.06,8138.14,8.3946,0.03,391,2388,100.0,39.17,23.3333
3,74,0.0018,-0.0,100.0,518.67,641.72,1592.98,1403.83,14.62,21.6,553.72,2388.02,9061.56,1.3,47.41,522.01,2388.01,8141.23,8.4121,0.03,392,2388,100.0,38.81,23.3076
3,75,-0.0044,-0.0002,100.0,518.67,642.39,1590.38,1398.8,14.62,21.61,554.17,2388.0,9056.18,1.3,47.33,522.23,2388.05,8134.24,8.3684,0.03,393,2388,100.0,38.99,23.3437
3,76,0.0012,0.0005,100.0,518.67,642.0,1588.35,1399.55,14.62,21.61,554.19,2388.01,9060.99,1.3,47.33,522.45,2388.06,8137.27,8.4093,0.03,392,2388,100.0,38.94,23.3955
3,77,-0.0026,-0.0003,100.0,518.67,643.09,1587.16,1400.93,14.62,21.61,554.62,2388.08,9057.01,1.3,47.58,522.57,2388.07,8134.61,8.4016,0.03,392,2388,100.0,39.07,23.3882
3,78,0.0005,-0.0002,100.0,518.67,641.79,1583.75,1403.48,14.62,21.61,554.48,2387.99,9046.96,1.3,47.21,522.39,2388.01,8140.08,8.4114,0.03,392,2388,100.0,38.96,23.3948
3,79,0.0013,0.0001,100.0,518.67,642.33,1582.3,1398.56,14.62,21.61,554.11,2388.04,9059.39,1.3,47.2,522.11,2388.03,8139.1,8.4004,0.03,391,2388,100.0,39.01,23.4135
3,80,-0.0022,-0.0002,100.0,518.67,642.28,1587.19,1397.45,14.62,21.61,555.22,2388.02,9061.33,1.3,47.17,521.79,2387.97,8136.47,8.4012,0.03,393,2388,100.0,38.88,23.3116
3,81,0.002,-0.0002,100.0,518.67,641.84,1585.07,1404.39,14.62,21.61,553.62,2388.05,9065.31,1.3,47.3,522.4,2388.01,8137.49,8.4264,0.03,392,2388,100.0,38.94,23.3953
3,82,0.0017,-0.0001,100.0,518.67,642.1,1589.33,1398.82,14.62,21.6,553.75,2388.02,9049.74,1.3,47.27,521.96,2388.01,8135.22,8.3957,0.03,393,2388,100.0,38.78,23.4083
3,83,-0.0008,0.0002,100.0,518.67,642.06,1590.98,1398.32,14.62,21.61,554.1,2388.07,9055.5,1.3,47.32,523.08,2388.04,8141.13,8.3974,0.03,393,2388,100.0,38.96,23.4296
3,84,0.0028,-0.0003,100.0,518.67,642.34,1588.05,1399.06,14.62,21.61,553.9,2388.1,9059.42,1.3,47.26,521.75,2388.05,8138.86,8.3973,0.03,392,2388,100.0,39.19,23.4346
3,85,0.0006,0.0005,100.0,518.67,642.71,1578.13,1401.77,14.62,21.61,554.67,2388.08,9058.88,1.3,47.3,522.13,2388.03,8138.19,8.4002,0.03,392,2388,100.0,38.99,23.3424
3,86,0.0058,-0.0003,100.0,518.67,642.45,1584.78,1405.8,14.62,21.61,553.8,2388.04,9064.32,1.3,47.34,522.01,2388.05,8137.05,8.435,0.03,394,2388,100.0,39.06,23.4573
3,87,-0.0067,-0.0004,100.0,518.67,642.95,1588.35,1397.9,14.62,21.61,553.48,2388.09,9058.54,1.3,47.25,522.57,2388.05,8135.68,8.3969,0.03,393,2388,100.0,38.8,23.3897
3,88,-0.0022,0.0002,100.0,518.67,642.36,1590.21,1398.37,14.62,21.61,554.23,2387.97,9055.45,1.3,47.26,522.26,2388.07,8137.35,8.4092,0.03,392,2388,100.0,38.81,23.3972
3,89,0.0032,0.0002,100.0,518.67,642.52,1592.54,1398.19,14.62,21.61,554.69,2388.11,9051.63,1.3,47.31,522.04,2388.02,8138.6,8.399,0.03,391,2388,100.0,39.04,23.3049
3,90,0.0003,-0.0001,100.0,518.67,642.11,1592.55,1401.22,14.62,21.61,555.0,2388.01,9063.67,1.3,47.28,521.93,2388.05,8135.09,8.3962,0.03,392,2388,100.0,38.94,23.2747
3,91,-0.0025,0.0003,100.0,518.67,641.65,1583.09,1400.29,14.62,21.61,553.98,2388.01,9057.63,1.3,47.28,522.74,2388.04,8136.59,8.4207,0.03,391,2388,100.0,38.88,23.454
3,92,0.0016,0.0,100.0,518.67,642.09,1587.5,1404.36,14.62,21.61,554.1,2388.03,9058.19,1.3,47.19,522.28,2388.01,8139.3,8.3935,0.03,393,2388,100.0,38.92,23.3653
3,93,-0.0018,-0.0002,100.0,518.67,642.5,1586.84,1397.68,14.62,21.61,553.96,2388.02,9059.56,1.3,47.35,522.36,2388.05,8137.57,8.4284,0.03,393,2388,100.0,38.9,23.3631
3,94,0.0029,0.0002,100.0,518.67,642.5,1588.55,1396.1,14.62,21.61,553.83,2388.06,9055.15,1.3,47.33,521.97,2388.02,8134.81,8.4108,0.03,392,2388,100.0,38.96,23.3338
3,95,0.0012,0.0001,100.0,518.67,642.49,1579.82,1400.16,14.62,21.61,553.9,2388.08,9056.18,1.3,47.43,522.56,2388.07,8145.74,8.4166,0.03,392,2388,100.0,39.0,23.4108
3,96,-0.0002,-0.0004,100.0,518.67,642.56,1583.05,1397.27,14.62,21.61,554.4,2388.02,9060.5,1.3,47.36,522.28,2388.02,8141.32,8.4108,0.03,392,2388,100.0,38.95,23.4063
3,97,0.0014,-0.0003,100.0,518.67,642.36,1586.38,1399.91,14.62,21.61,554.05,2388.02,9057.32,1.3,47.29,522.07,2388.06,8141.75,8.422,0.03,393,2388,100.0,39.04,23.4836
3,98,0.0003,-0.0001,100.0,518.67,642.33,1588.69,1399.98,14.62,21.61,553.89,2388.02,9057.3,1.3,47.17,522.13,2388.05,8142.06,8.4217,0.03,393,2388,100.0,39.0,23.3404
3,99,0.0002,-0.0002,100.0,518.67,642.16,1582.5,1399.34,14.62,21.61,553.95,2388.03,9051.5,1.3,47.33,521.69,2388.06,8147.94,8.4247,0.03,392,2388,100.0,39.16,23.3175
3,100,-0.0028,-0.0001,100.0,518.67,642.12,1587.56,1397.87,14.62,21.61,554.36,2388.0,9061.48,1.3,47.28,522.39,2388.1,8145.17,8.3902,0.03,391,2388,100.0,38.99,23.3134
3,101,0.0007,-0.0002,100.0,518.67,642.13,1589.96,1401.99,14.62,21.61,554.47,2388.09,9056.39,1.3,47.28,521.96,2388.02,8143.39,8.4566,0.03,392,2388,100.0,39.19,23.3277
3,102,0.0037,-0.0004,100.0,518.67,642.44,1590.41,1406.56,14.62,21.61,553.89,2388.03,9055.32,1.3,47.23,521.71,2388.03,8138.5,8.4302,0.03,392,2388,100.0,39.05,23.4728
3,103,0.0038,0.0004,100.0,518.67,642.7,1583.02,1402.79,14.62,21.61,554.6,2387.99,9059.96,1.3,47.63,522.02,2388.07,8138.82,8.4044,0.03,391,2388,100.0,38.96,23.3639
3,104,-0.0025,0.0004,100.0,518.67,642.19,1589.96,1402.08,14.62,21.61,554.37,2388.02,9054.97,1.3,47.3,522.06,2388.06,8141.89,8.4176,0.03,392,2388,100.0,38.92,23.4919
3,105,-0.0012,0.0004,100.0,518.67,642.29,1583.92,1397.03,14.62,21.61,555.14,2388.03,9064.11,1.3,47.5,521.79,2388.09,8140.14,8.4207,0.03,393,2388,100.0,39.06,23.2871
3,106,-0.0007,0.0001,100.0,518.67,642.54,1582.78,1397.94,14.62,21.61,554.79,2388.08,9065.23,1.3,47.35,522.4,2388.04,8142.65,8.4097,0.03,393,2388,100.0,39.0,23.3973
3,107,-0.0022,-0.0003,100.0,518.67,642.21,1599.92,1403.86,14.62,21.61,554.47,2388.05,9048.57,1.3,47.37,521.89,2388.04,8141.86,8.4247,0.03,390,2388,100.0,38.92,23.3636
3,108,0.0017,-0.0001,100.0,518.67,642.54,1588.2,1403.89,14.62,21.61,554.28,2388.09,9055.86,1.3,47.46,521.93,2388.1,8136.64,8.3956,0.03,392,2388,100.0,38.96,23.2671
3,109,-0.0019,0.0005,100.0,518.67,642.53,1586.77,1403.58,14.62,21.61,553.45,2388.03,9059.95,1.3,47.36,522.24,2388.04,8142.14,8.4284,0.03,391,2388,100.0,38.96,23.2988
3,110,-0.0011,-0.0001,100.0,518.67,641.96,1591.47,1404.44,14.62,21.61,553.35,2388.08,9061.9,1.3,47.34,521.84,2388.08,8140.82,8.3936,0.03,393,2388,100.0,39.03,23.3654
3,111,-0.0032,0.0005,100.0,518.67,642.23,1589.73,1402.54,14.62,21.61,554.53,2388.05,9060.79,1.3,47.48,522.27,2388.03,8142.5,8.3995,0.03,393,2388,100.0,38.76,23.3467
3,112,-0.0007,-0.0002,100.0,518.67,642.13,1583.31,1409.29,14.62,21.61,553.51,2388.08,9065.46,1.3,47.3,521.7,2388.0,8143.99,8.4046,0.03,393,2388,100.0,38.91,23.2706
3,113,0.0015,-0.0001,100.0,518.67,642.3,1592.45,1394.68,14.62,21.61,553.43,2388.07,9053.47,1.3,47.45,521.56,2388.06,8142.32,8.4205,0.03,392,2388,100.0,38.8,23.4634
3,114,-0.0013,0.0005,100.0,518.67,642.6,1598.35,1402.48,14.62,21.61,553.93,2388.02,9062.25,1.3,47.4,522.36,2388.01,8147.41,8.4039,0.03,394,2388,100.0,38.94,23.3504
3,115,0.0025,-0.0004,100.0,518.67,642.6,1587.02,1399.17,14.62,21.61,554.11,2388.04,9066.73,1.3,47.38,522.14,2388.08,8144.25,8.3976,0.03,391,2388,100.0,38.85,23.253
3,116,-0.0028,-0.0003,100.0,518.67,642.57,1583.86,1408.43,14.62,21.61,553.99,2388.11,9056.69,1.3,47.41,521.55,2388.08,8141.02,8.4415,0.03,391,2388,100.0,39.05,23.4213
3,117,0.0027,-0.0003,100.0,518.67,642.67,1594.22,1399.22,14.62,21.61,553.46,2388.04,9054.03,1.3,47.32,521.96,2388.1,8142.65,8.4334,0.03,393,2388,100.0,38.99,23.3962
3,118,0.0001,-0.0003,100.0,518.67,642.83,1585.56,1402.78,14.62,21.61,554.02,2388.05,9059.14,1.3,47.22,522.01,2388.08,8140.24,8.4334,0.03,392,2388,100.0,38.9,23.347
3,119,0.0021,-0.0002,100.0,518.67,642.25,1586.35,1403.5,14.62,21.61,553.95,2388.06,9060.72,1.3,47.29,521.97,2388.02,8140.08,8.4111,0.03,392,2388,100.0,38.99,23.2905
3,120,0.0005,0.0004,100.0,518.67,642.26,1581.61,1410.57,14.62,21.61,554.02,2388.05,9059.22,1.3,47.21,521.83,2388.05,8138.03,8.4272,0.03,391,2388,100.0,38.96,23.3343
3,121,0.001,-0.0002,100.0,518.67,642.35,1585.78,1403.3,14.62,21.61,554.42,2387.97,9068.0,1.3,47.4,521.21,2388.07,8138.68,8.4354,0.03,393,2388,100.0,38.9,23.419
3,122,-0.002,0.0002,100.0,518.67,642.57,1584.99,1399.41,14.62,21.61,553.49,2388.02,9062.44,1.3,47.4,521.62,2388.01,8136.67,8.4077,0.03,393,2388,100.0,38.95,23.3735
3,123,0.0037,0.0003,100.0,518.67,642.7,1579.08,1401.02,14.62,21.61,553.47,2388.06,9061.63,1.3,47.26,521.83,2388.06,8135.97,8.4378,0.03,391,2388,100.0,38.99,23.4304
3,124,-0.0004,-0.0002,100.0,518.67,642.85,1593.73,1399.62,14.62,21.61,553.67,2388.07,9063.69,1.3,47.36,521.89,2388.07,8143.92,8.3974,0.03,392,2388,100.0,39.09,23.3455
3,125,0.0004,-0.0001,100.0,518.67,642.42,1584.76,1407.82,14.62,21.61,554.5,2388.12,9059.14,1.3,47.48,521.76,2388.1,8145.05,8.4516,0.03,392,2388,100.0,38.96,23.3351
3,126,0.0004,0.0002,100.0,518.67,641.84,1580.54,1395.35,14.62,21.61,553.91,2388.03,9061.37,1.3,47.33,522.0,2388.09,8141.99,8.4,0.03,393,2388,100.0,38.91,23.4673
3,127,0.0039,0.0004,100.0,518.67,642.81,1586.95,1399.36,14.62,21.61,554.45,2388.06,9055.85,1.3,47.26,522.28,2388.08,8143.98,8.4121,0.03,391,2388,100.0,38.99,23.3966
3,128,-0.0002,0.0003,100.0,518.67,642.47,1595.17,1410.53,14.62,21.61,553.81,2388.06,9055.68,1.3,47.31,521.71,2388.08,8144.52,8.4569,0.03,393,2388,100.0,38.85,23.3513
3,129,0.0043,-0.0001,100.0,518.67,643.03,1586.19,1398.67,14.62,21.61,554.54,2388.05,9062.58,1.3,47.24,521.76,2388.08,8135.1,8.423,0.03,392,2388,100.0,38.92,23.3746
3,130,0.0007,0.0003,100.0,518.67,642.72,1587.54,1398.83,14.62,21.61,553.7,2388.05,9062.17,1.3,47.59,521.63,2388.09,8139.13,8.4491,0.03,393,2388,100.0,38.88,23.3793
3,131,0.0036,-0.0001,100.0,518.67,642.7,1584.84,1401.79,14.62,21.61,553.51,2388.05,9063.84,1.3,47.5,521.5,2388.07,8142.75,8.4279,0.03,394,2388,100.0,38.95,23.3947
3,132,-0.0005,0.0006,100.0,518.67,642.8,1590.6,1400.82,14.62,21.61,553.7,2388.07,9067.89,1.3,47.44,521.15,2388.03,8144.77,8.4144,0.03,392,2388,100.0,38.81,23.3299
3,133,0.0002,0.0006,100.0,518.67,642.97,1586.14,1395.25,14.62,21.61,553.38,2388.07,9065.72,1.3,47.54,522.08,2388.09,8145.41,8.4291,0.03,396,2388,100.0,38.76,23.3411
3,134,0.004,0.0,100.0,518.67,643.0,1587.71,1407.55,14.62,21.61,553.62,2388.08,9061.75,1.3,47.42,522.04,2388.05,8145.31,8.4136,0.03,392,2388,100.0,38.78,23.3212
3,135,0.0004,0.0003,100.0,518.67,642.72,1580.79,1410.06,14.62,21.61,553.34,2388.09,9059.14,1.3,47.42,521.9,2388.09,8142.5,8.4008,0.03,393,2388,100.0,38.89,23.421
3,136,0.0014,-0.0002,100.0,518.67,642.14,1581.18,1397.13,14.62,21.61,553.58,2388.09,9066.84,1.3,47.33,521.42,2388.07,8148.79,8.4213,0.03,393,2388,100.0,38.71,23.2888
3,137,-0.0013,0.0005,100.0,518.67,642.56,1584.47,1407.38,14.62,21.61,554.62,2388.08,9059.22,1.3,47.47,521.88,2388.1,8147.61,8.4244,0.03,393,2388,100.0,38.94,23.4063
3,138,0.0004,0.0002,100.0,518.67,643.06,1586.04,1403.21,14.62,21.61,553.2,2388.0,9058.87,1.3,47.34,522.12,2388.07,8147.8,8.4066,0.03,393,2388,100.0,38.91,23.3165
3,139,-0.0038,-0.0002,100.0,518.67,642.84,1591.72,1401.68,14.62,21.61,553.29,2388.08,9064.4,1.3,47.28,521.52,2388.07,8136.72,8.4392,0.03,393,2388,100.0,38.96,23.3693
3,140,0.0047,-0.0002,100.0,518.67,642.15,1591.06,1400.36,14.62,21.61,553.91,2388.1,9064.03,1.3,47.28,522.14,2388.03,8144.75,8.4294,0.03,393,2388,100.0,38.77,23.3491
3,141,0.0068,-0.0002,100.0,518.67,642.89,1586.41,1399.67,14.62,21.61,553.18,2388.05,9062.65,1.3,47.51,521.89,2388.08,8147.8,8.441,0.03,394,2388,100.0,38.92,23.3798
3,142,0.0004,-0.0003,100.0,518.67,642.25,1585.55,1401.97,14.62,21.61,552.98,2388.08,9067.17,1.3,47.53,521.69,2388.15,8141.35,8.4156,0.03,392,2388,100.0,39.09,23.3321
3,143,-0.0002,-0.0003,100.0,518.67,642.6,1581.1,1408.07,14.62,21.61,553.51,2388.1,9059.78,1.3,47.44,521.58,2388.12,8150.37,8.4171,0.03,393,2388,100.0,38.94,23.3922
3,144,0.0034,0.0002,100.0,518.67,642.03,1588.69,1409.67,14.62,21.61,553.78,2388.07,9064.11,1.3,47.51,521.72,2388.09,8146.47,8.425,0.03,392,2388,100.0,38.79,23.4405
3,145,-0.0018,-0.0002,100.0,518.67,642.73,1582.7,1402.74,14.62,21.61,552.93,2388.11,9064.31,1.3,47.27,521.4,2388.1,8146.88,8.4491,0.03,393,2388,100.0,38.9,23.3185
3,146,0.0007,-0.0001,100.0,518.67,642.36,1589.17,1416.48,14.62,21.61,553.54,2388.12,9058.92,1.3,47.64,521.4,2388.09,8145.08,8.4179,0.03,392,2388,100.0,38.83,23.3724
3,147,0.0014,0.0004,100.0,518.67,642.52,1585.39,1408.59,14.62,21.61,553.63,2388.12,9066.71,1.3,47.44,521.47,2388.1,8137.85,8.4446,0.03,393,2388,100.0,38.99,23.468
3,148,-0.0056,-0.0001,100.0,518.67,642.61,1594.77,1407.47,14.62,21.61,553.89,2388.09,9065.91,1.3,47.65,522.0,2388.04,8141.27,8.431,0.03,394,2388,100.0,38.92,23.2666
3,149,0.0018,-0.0004,100.0,518.67,643.11,1587.07,1403.95,14.62,21.61,553.14,2388.06,9060.73,1.3,47.58,521.42,2388.11,8148.36,8.4498,0.03,392,2388,100.0,38.74,23.2875
3,150,0.0049,0.0006,100.0,518.67,643.02,1590.9,1409.17,14.62,21.61,554.13,2388.02,9069.91,1.3,47.35,521.99,2388.05,8145.03,8.4406,0.03,393,2388,100.0,38.98,23.2454
3,151,0.0009,-0.0004,100.0,518.67,642.25,1593.38,1415.49,14.62,21.61,553.57,2387.99,9066.17,1.3,47.36,521.5,2388.06,8142.29,8.46,0.03,391,2388,100.0,38.99,23.2905
3,152,-0.0044,0.0005,100.0,518.67,642.44,1593.48,1405.72,14.62,21.61,553.31,2388.0,9063.8,1.3,47.64,521.36,2388.08,8147.15,8.3912,0.03,392,2388,100.0,38.94,23.3353
3,153,0.0036,-0.0001,100.0,518.67,642.78,1586.57,1405.69,14.62,21.61,553.7,2388.08,9069.91,1.3,47.29,521.22,2388.08,8146.55,8.4254,0.03,393,2388,100.0,38.86,23.37
3,154,0.0009,0.0001,100.0,518.67,643.15,1592.3,1408.39,14.62,21.61,554.17,2388.03,9064.26,1.3,47.44,521.99,2388.09,8137.95,8.4565,0.03,394,2388,100.0,38.84,23.2099
3,155,-0.005,0.0003,100.0,518.67,642.66,1589.02,1414.92,14.62,21.61,553.1,2388.12,9075.71,1.3,47.39,521.44,2388.04,8145.73,8.4455,0.03,392,2388,100.0,39.0,23.3276
3,156,-0.0023,0.0002,100.0,518.67,642.15,1584.49,1406.31,14.62,21.61,553.37,2388.08,9068.67,1.3,47.51,521.22,2388.11,8143.43,8.4518,0.03,392,2388,100.0,38.71,23.1826
3,157,0.0003,0.0004,100.0,518.67,642.36,1595.93,1411.4,14.62,21.61,553.74,2388.07,9062.56,1.3,47.57,521.82,2388.09,8141.89,8.4591,0.03,392,2388,100.0,38.77,23.2496
3,158,0.0017,0.0005,100.0,518.67,642.25,1586.46,1405.28,14.62,21.61,553.54,2388.04,9065.26,1.3,47.58,521.86,2388.01,8147.64,8.4263,0.03,394,2388,100.0,38.92,23.3511
3,159,0.0032,0.0004,100.0,518.67,642.86,1586.17,1409.86,14.62,21.61,552.95,2388.1,9070.19,1.3,47.41,521.17,2388.08,8146.26,8.4229,0.03,394,2388,100.0,38.75,23.3101
3,160,-0.0014,-0.0002,100.0,518.67,642.87,1596.91,1407.65,14.62,21.61,553.52,2388.08,9065.16,1.3,47.49,522.08,2388.15,8145.78,8.4494,0.03,392,2388,100.0,38.79,23.2869
3,161,0.0006,0.0003,100.0,518.67,642.6,1589.27,1408.59,14.62,21.61,553.78,2388.09,9061.69,1.3,47.57,521.01,2388.07,8150.08,8.4584,0.03,393,2388,100.0,38.86,23.2585
3,162,0.0021,-0.0003,100.0,518.67,642.99,1582.97,1404.81,14.62,21.61,553.18,2388.12,9071.09,1.3,47.55,521.91,2388.12,8144.0,8.4418,0.03,392,2388,100.0,38.75,23.1988
3,163,-0.002,0.0005,100.0,518.67,642.32,1590.81,1400.93,14.62,21.61,553.53,2388.1,9069.23,1.3,47.51,521.19,2388.06,8145.3,8.456,0.03,393,2388,100.0,38.81,23.2489
3,164,-0.0036,0.0006,100.0,518.67,642.88,1586.73,1410.75,14.62,21.61,553.39,2388.1,9067.92,1.3,47.6,520.7,2388.08,8146.48,8.4276,0.03,394,2388,100.0,38.76,23.272
3,165,-0.0003,0.0002,100.0,518.67,642.83,1587.84,1401.23,14.62,21.61,554.13,2388.07,9069.67,1.3,47.53,521.08,2388.1,8144.87,8.4484,0.03,394,2388,100.0,38.85,23.3239
3,166,0.0049,-0.0002,100.0,518.67,642.36,1595.61,1411.2,14.62,21.61,552.86,2388.07,9066.54,1.3,47.67,521.8,2388.08,8151.65,8.4819,0.03,394,2388,100.0,38.79,23.2708
3,167,0.0026,-0.0001,100.0,518.67,642.68,1587.31,1416.05,14.62,21.61,554.1,2388.15,9071.28,1.3,47.57,521.91,2388.08,8155.03,8.4459,0.03,395,2388,100.0,38.81,23.2242
3,168,0.0,0.0003,100.0,518.67,642.7,1590.96,1410.03,14.62,21.61,553.09,2388.11,9074.01,1.3,47.41,521.77,2388.08,8147.49,8.4639,0.03,394,2388,100.0,38.9,23.2843
3,169,0.0018,-0.0004,100.0,518.67,642.3,1587.78,1404.82,14.62,21.61,552.81,2388.16,9069.58,1.3,47.58,521.31,2388.1,8147.46,8.409,0.03,394,2388,100.0,38.92,23.3193
3,170,-0.0006,0.0001,100.0,518.67,642.86,1592.53,1410.94,14.62,21.61,553.34,2388.04,9069.7,1.3,47.38,520.89,2388.14,8148.28,8.4454,0.03,394,2388,100.0,38.72,23.217
3,171,0.0037,-0.0002,100.0,518.67,642.8,1591.99,1412.24,14.62,21.61,553.87,2388.15,9066.78,1.3,47.44,521.27,2388.12,8144.84,8.4568,0.03,395,2388,100.0,38.63,23.2818
3,172,0.0012,0.0003,100.0,518.67,642.91,1587.34,1411.85,14.62,21.61,553.27,2388.09,9065.28,1.3,47.62,521.22,2388.12,8148.45,8.443,0.03,395,2388,100.0,38.86,23.2849
3,173,-0.0025,-0.0,100.0,518.67,643.26,1587.16,1409.76,14.62,21.61,553.41,2388.15,9075.77,1.3,47.59,521.13,2388.09,8148.11,8.4529,0.03,392,2388,100.0,38.72,23.1264
3,174,0.0019,0.0002,100.0,518.67,643.02,1589.79,1417.39,14.62,21.61,553.51,2388.06,9070.83,1.3,47.63,521.25,2388.12,8148.6,8.428,0.03,394,2388,100.0,38.86,23.2365
3,175,0.0003,0.0004,100.0,518.67,642.95,1583.21,1412.13,14.62,21.61,552.92,2388.14,9063.2,1.3,47.86,521.66,2388.1,8143.07,8.4203,0.03,393,2388,100.0,38.75,23.2149
3,176,-0.0016,0.0004,100.0,518.67,642.52,1590.58,1411.2,14.62,21.61,553.39,2388.13,9067.34,1.3,47.59,521.26,2388.14,8150.77,8.4557,0.03,394,2388,100.0,38.78,23.3441
3,177,-0.0009,0.0001,100.0,518.67,642.94,1584.12,1418.52,14.62,21.61,552.64,2388.11,9056.64,1.3,47.79,520.86,2388.11,8150.94,8.4503,0.03,395,2388,100.0,38.76,23.2837
3,178,0.0015,0.0005,100.0,518.67,642.59,1588.72,1417.96,14.62,21.61,552.39,2388.16,9066.89,1.3,47.65,521.0,2388.12,8142.92,8.4472,0.03,395,2388,100.0,38.65,23.2944
3,179,0.0003,-0.0003,100.0,518.67,642.43,1593.95,1415.0,14.62,21.61,552.93,2388.12,9077.34,1.3,47.63,521.34,2388.13,8148.0,8.4117,0.03,394,2388,100.0,38.85,23.1141
3,180,0.0019,-0.0001,100.0,518.67,642.92,1594.25,1412.85,14.62,21.61,552.88,2388.1,9071.09,1.3,47.72,520.42,2388.17,8144.91,8.4782,0.03,395,2388,100.0,38.61,23.2892
3,181,-0.0032,0.0004,100.0,518.67,643.23,1591.63,1410.25,14.62,21.61,552.91,2388.1,9076.99,1.3,47.88,521.01,2388.08,8148.98,8.4763,0.03,394,2388,100.0,38.73,23.1916
3,182,0.0008,-0.0004,100.0,518.67,643.05,1594.06,1412.05,14.62,21.61,553.03,2388.1,9071.09,1.3,47.52,521.07,2388.09,8150.26,8.467,0.03,393,2388,100.0,38.95,23.2472
3,183,-0.0018,0.0002,100.0,518.67,643.31,1598.34,1414.3,14.62,21.61,553.4,2388.15,9072.25,1.3,47.66,520.59,2388.08,8150.2,8.4697,0.03,397,2388,100.0,38.58,23.1944
3,184,0.0004,0.0003,100.0,518.67,643.23,1594.39,1416.36,14.62,21.61,552.9,2388.1,9067.97,1.3,47.72,520.86,2388.09,8148.94,8.4795,0.03,393,2388,100.0,38.68,23.1565
3,185,-0.002,0.0,100.0,518.67,643.07,1595.11,1416.56,14.62,21.61,553.13,2388.13,9073.3,1.3,47.57,520.95,2388.14,8147.01,8.5085,0.03,395,2388,100.0,38.6,23.2092
3,186,-0.0002,0.0004,100.0,518.67,642.77,1596.98,1417.6,14.62,21.61,552.39,2388.16,9079.46,1.3,47.96,520.86,2388.09,8154.32,8.4676,0.03,395,2388,100.0,38.71,23.19
3,187,-0.0014,0.0003,100.0,518.67,642.88,1596.73,1413.26,14.62,21.61,552.18,2388.18,9069.79,1.3,47.7,521.17,2388.14,8150.01,8.4128,0.03,395,2388,100.0,38.77,23.1112
3,188,-0.0009,-0.0,100.0,518.67,643.01,1589.52,1416.31,14.62,21.61,552.72,2388.1,9079.24,1.3,47.89,521.61,2388.08,8149.31,8.4921,0.03,394,2388,100.0,38.7,23.1743
3,189,-0.0032,-0.0003,100.0,518.67,643.36,1591.22,1412.53,14.62,21.61,552.92,2388.13,9067.43,1.3,47.85,520.79,2388.1,8149.28,8.4357,0.03,395,2388,100.0,38.56,23.194
3,190,0.0021,0.0005,100.0,518.67,643.03,1590.63,1415.47,14.62,21.61,553.07,2388.12,9077.91,1.3,47.7,520.59,2388.14,8147.38,8.4921,0.03,393,2388,100.0,38.88,23.3016
3,191,0.0019,-0.0003,100.0,518.67,642.83,1594.15,1411.36,14.62,21.61,552.26,2388.18,9073.59,1.3,47.71,520.48,2388.18,8154.64,8.4569,0.03,395,2388,100.0,38.42,23.1986
3,192,-0.0014,-0.0004,100.0,518.67,642.94,1597.81,1417.79,14.62,21.61,552.89,2388.16,9077.32,1.3,47.81,521.13,2388.15,8149.56,8.4748,0.03,394,2388,100.0,38.61,23.2805
3,193,0.0012,0.0003,100.0,518.67,643.01,1593.45,1419.13,14.62,21.61,552.83,2388.14,9073.8,1.3,47.93,520.81,2388.1,8150.43,8.4634,0.03,395,2388,100.0,38.7,23.1549
3,194,0.0008,0.0003,100.0,518.67,643.59,1594.34,1419.67,14.62,21.61,553.07,2388.12,9079.92,1.3,47.73,521.32,2388.15,8153.81,8.5012,0.03,394,2388,100.0,38.66,23.119
3,195,-0.0011,0.0005,100.0,518.67,643.67,1599.04,1420.68,14.62,21.61,552.79,2388.09,9075.25,1.3,47.88,520.95,2388.18,8153.19,8.5006,0.03,395,2388,100.0,38.6,23.1427
3,196,0.0007,-0.0002,100.0,518.67,643.25,1589.7,1414.72,14.62,21.61,552.71,2388.19,9077.55,1.3,47.83,520.78,2388.16,8149.1,8.4994,0.03,394,2388,100.0,38.66,23.1347
3,197,-0.0026,0.0003,100.0,518.67,643.58,1595.42,1409.73,14.62,21.61,552.56,2388.17,9081.02,1.3,47.99,521.04,2388.16,8156.35,8.4578,0.03,394,2388,100.0,38.64,23.1844
3,198,0.003,0.0003,100.0,518.67,643.07,1597.63,1427.68,14.62,21.61,552.39,2388.17,9084.96,1.3,47.65,520.72,2388.17,8149.36,8.5143,0.03,394,2388,100.0,38.87,23.1785
3,199,0.0025,0.0006,100.0,518.67,643.35,1601.19,1423.69,14.62,21.61,552.16,2388.14,9077.44,1.3,47.94,520.51,2388.12,8150.43,8.4933,0.03,394,2388,100.0,38.6,23.1051
3,200,0.0024,0.0004,100.0,518.67,643.61,1595.08,1426.56,14.62,21.61,552.4,2388.16,9085.95,1.3,48.08,520.97,2388.11,8154.47,8.4586,0.03,395,2388,100.0,38.7,23.2155
3,201,-0.0019,0.0004,100.0,518.67,643.79,1597.55,1424.36,14.62,21.61,551.92,2388.15,9083.45,1.3,47.85,520.7,2388.17,8159.55,8.4742,0.03,395,2388,100.0,38.5,23.1145
3,202,-0.0019,-0.0,100.0,518.67,643.33,1597.37,1417.42,14.62,21.61,552.42,2388.14,9074.97,1.3,47.83,520.59,2388.12,8154.25,8.4771,0.03,396,2388,100.0,38.56,23.2645
3,203,-0.0007,0.0001,100.0,518.67,643.05,1597.13,1423.12,14.62,21.61,552.52,2388.15,9083.55,1.3,47.77,520.33,2388.16,8157.25,8.4867,0.03,394,2388,100.0,38.69,23.1775
3,204,0.0047,0.0003,100.0,518.67,643.39,1600.25,1418.95,14.62,21.61,553.1,2388.16,9081.93,1.3,47.67,521.39,2388.13,8156.52,8.5186,0.03,396,2388,100.0,38.59,23.1785
3,205,-0.0011,0.0002,100.0,518.67,643.92,1596.72,1422.59,14.62,21.61,552.49,2388.14,9087.11,1.3,47.86,520.7,2388.19,8153.36,8.4844,0.03,396,2388,100.0,38.48,23.1475
3,206,0.0006,-0.0002,100.0,518.67,643.7,1597.57,1428.23,14.62,21.61,552.28,2388.18,9069.14,1.3,47.88,519.78,2388.15,8152.49,8.5005,0.03,394,2388,100.0,38.38,23.0938
3,207,0.0048,0.0003,100.0,518.67,643.07,1604.29,1418.41,14.62,21.61,551.61,2388.19,9082.04,1.3,47.88,520.15,2388.18,8150.8,8.5281,0.03,394,2388,100.0,38.49,23.0928
3,208,0.0016,0.0002,100.0,518.67,643.47,1598.59,1420.89,14.62,21.61,552.09,2388.24,9083.46,1.3,48.16,520.22,2388.19,8157.56,8.5099,0.03,396,2388,100.0,38.67,23.1411
3,209,-0.0017,0.0001,100.0,518.67,643.08,1599.12,1423.93,14.62,21.61,552.28,2388.2,9084.94,1.3,47.88,520.46,2388.26,8154.78,8.5011,0.03,395,2388,100.0,38.33,23.2218
3,210,-0.0018,-0.0002,100.0,518.67,643.89,1601.53,1424.83,14.62,21.61,552.07,2388.19,9086.52,1.3,47.9,520.26,2388.18,8157.91,8.5242,0.03,396,2388,100.0,38.52,23.1168
3,211,0.0019,-0.0,100.0,518.67,643.4,1603.77,1431.54,14.62,21.61,552.39,2388.18,9087.93,1.3,48.1,520.17,2388.23,8161.02,8.5159,0.03,395,2388,100.0,38.64,23.0675
3,212,0.0003,-0.0,100.0,518.67,643.06,1593.19,1424.17,14.62,21.61,551.99,2388.18,9089.45,1.3,48.07,520.67,2388.22,8158.32,8.4883,0.03,395,2388,100.0,38.4,23.0379
3,213,-0.0025,-0.0001,100.0,518.67,643.26,1593.84,1421.87,14.62,21.61,551.78,2388.17,9098.2,1.3,48.14,520.6,2388.21,8164.52,8.4895,0.03,395,2388,100.0,38.43,23.0769
3,214,-0.0046,-0.0004,100.0,518.67,643.42,1594.06,1426.48,14.62,21.61,552.0,2388.19,9089.4,1.3,48.01,520.65,2388.22,8157.8,8.4781,0.03,398,2388,100.0,38.55,23.0852
3,215,0.0045,0.0002,100.0,518.67,643.56,1593.34,1426.72,14.62,21.61,551.98,2388.24,9088.39,1.3,47.93,520.01,2388.23,8160.85,8.503,0.03,396,2388,100.0,38.55,23.1905
3,216,-0.0018,-0.0003,100.0,518.67,643.45,1599.73,1425.02,14.62,21.61,552.12,2388.2,9090.47,1.3,48.12,520.34,2388.2,8158.18,8.4624,0.03,396,2388,100.0,38.44,23.1762
3,217,0.0013,0.0004,100.0,518.67,643.16,1596.59,1426.24,14.62,21.61,551.62,2388.23,9096.11,1.3,48.18,520.24,2388.2,8159.16,8.4861,0.03,396,2388,100.0,38.7,23.1096
3,218,-0.0023,0.0004,100.0,518.67,644.03,1602.09,1431.38,14.62,21.61,552.0,2388.25,9089.34,1.3,48.11,519.76,2388.28,8157.85,8.5216,0.03,396,2388,100.0,38.36,23.0722
3,219,-0.0008,-0.0,100.0,518.67,643.52,1598.21,1431.24,14.62,21.61,551.42,2388.21,9085.8,1.3,48.06,519.73,2388.26,8161.16,8.4929,0.03,397,2388,100.0,38.31,23.1066
3,220,0.0004,0.0,100.0,518.67,643.67,1606.01,1429.4,14.62,21.61,551.93,2388.27,9094.72,1.3,48.23,519.5,2388.22,8162.87,8.5492,0.03,395,2388,100.0,38.33,23.0848
3,221,0.001,0.0005,100.0,518.67,643.97,1598.68,1432.49,14.62,21.61,550.95,2388.23,9088.67,1.3,48.09,519.99,2388.19,8157.65,8.4921,0.03,396,2388,100.0,38.41,23.1179
3,222,-0.0015,-0.0002,100.0,518.67,644.23,1598.25,1424.21,14.62,21.61,551.0,2388.2,9088.06,1.3,47.95,520.24,2388.17,8163.26,8.502,0.03,396,2388,100.0,38.37,23.1134
